INSERT INTO users
    (id, name, age)
VALUES
    (1, 'Lucy', 23),
    (2, 'Jackie', 8),
    (3, 'Victor', 33),
    (4, 'Alexious', 40),
    (5, 'Abigal', 20),
    (6, 'Macy', 31),
    (7, 'Bob', 17),
    (8, 'Enya', 55),
    (9, 'Karl', 43),
    (10, 'Taylor', 55),
    (11, 'Melissa', 70),
    (12, 'Shaun', 32),
    (13, 'Danni', 9),
    (14, 'Scott', 90),
    (15, 'Alexander', 43),
    (16, 'Thomas', 2),
    (17, 'Frankl', 5),
    (18, 'Billy', 6),
    (19, 'Suzie', 5),
    (20, 'Traci', 34);

INSERT INTO projects
    (id, title, category, funding_goal, start_date, end_date)
VALUES
    (1, 'Help me fund my trip', 'travel', 300.00, '2017-02-30', '2017-03-30'),
    (2, 'Book on travel', 'books', 100.00, '2016-03-01', '2017-03-01'),
    (3, 'History of my early travels', 'books', 5000.00, '2010-06-30', '2011-06-30'),
    (4, 'Homeless need to be fed', 'charity', 600.00, '2016-04-14', '2017-09-30'),
    (5, 'Surgery for Cindy', 'charity', 10000.00, '2016-01-20', '2017-02-20'),
    (6, 'Home repair', 'charity', 500.00, '2016-15-30', '2017-15-30'),
    (7, 'Hurricane relief', 'charity', 6000.00, '2017-20-02', '2017-20-30'),
    (8, 'Flood damage', 'charity', 900.00, '2017-08-30', '2017-08-31'),
    (9, 'I want to live abroad', 'charity', 5000.00, '2017-01-30', '2017-02-30'),
    (10, 'Food for the elderliy', 'charity', 2000.00, '2017-04-20', '2017-05-30');

INSERT INTO pledges
    (id, amount, user_id, project_id)
VALUES
    (1, 5.00, 12, 5),
    (2, 100.00, 11, 7),
    (3, 40.00, 15, 2),
    (4, 30.00, 20, 1),
    (5, 5.00, 19, 10),
    (6, 10.00, 1, 8),
    (7, 60.00, 2, 4),
    (8, 90.00, 8, 4),
    (9, 20.00, 13, 8),
    (10, 900.00, 2, 3),
    (11, 2000.00, 7, 2),
    (12, 30.00, 6, 5),
    (13, 10.00, 5, 5),
    (14, 90.00, 8, 2),
    (15, 25.00, 13, 7),
    (16, 39.00, 17, 6),
    (17, 1.00, 18, 9),
    (18, 17.00, 12, 10),
    (19, 1.00, 11, 2),
    (20, 10.00, 18, 4),
    (21, 62.50, 15, 7),
    (22, 60.50, 16, 8),
    (23, 80.00, 3, 9),
    (24, 10.00, 4, 10),
    (25, 200.00, 7, 4),
    (26, 60.00, 2, 9),
    (27, 30.00, 4, 3),
    (28, 60.00, 10, 2),
    (29, 190.00, 12, 1),
    (30, 550.00, 10, 8);